-- students data
INSERT INTO students (id, name, gender) VALUES
(1, 'Іван', 'Чоловік'),
(2, 'Mykola', 'Чоловік'),
(3, 'Анна', 'Жінка'),
(4, 'Borys', 'Чоловік'),
(5, 'Тетяна', 'Жінка'),
(6, 'Liliia', 'Жінка'),
(7, 'Наталя', 'Жінка'),
(8, 'Юлія', 'Жінка'),
(9, 'Yuliia', 'Жінка'),
(10, 'Сергій', 'Чоловік'),
(11, 'Владислав', 'Чоловік'),
(12, 'Сергій', 'Чоловік');

-- skills data
INSERT INTO skills (id, name) VALUES
(1, 'аналітичне мислення'),
(2, 'Excel'),
(3, 'PowerPoint'),
(4, 'Power BI'),
(5, 'досвід роботи з БД'),
(6, 'Python'),
(7, 'формування фінансової звітності'),
(8, 'SQL'),
(9, 'BigQuery'),
(10, 'Tableau'),
(11, 'Google Sheets'),
(12, 'знання іноземних мов');

-- surveys data
INSERT INTO surveys (id, title, description, created_at) VALUES
(1, 'Чому ви захотіли навчатися на цьому курсі?', 'Gain new skills', '2025-04-17 20:07:37'),
(2, 'Чому ви захотіли навчатися на цьому курсі?', 'Refresh exiting skills', '2025-04-17 20:08:19'),
(3, 'Чому ви захотіли навчатися на цьому курсі?', 'Актуальні технології', '2025-04-17 20:10:37'),
(4, 'Чому ви захотіли навчатися на цьому курсі?', 'Відгуки', '2025-04-17 20:11:12'),
(5, 'Чому ви захотіли навчатися на цьому курсі?', 'Детальне розуміння ПО для роботи DataAnalyst', '2025-04-17 20:08:48'),
(6, 'Чому ви захотіли навчатися на цьому курсі?', 'Інсайти для автоматизації репортів та аналізу даних', '2025-04-17 20:12:03'),
(7, 'Чому ви захотіли навчатися на цьому курсі?', 'Можливість кар''єрного зростання', '2025-04-17 20:13:11'),
(8, 'Чому ви захотіли навчатися на цьому курсі?', 'Наповнення курсу', '2025-04-17 20:13:11'),
(9, 'Чому ви захотіли навчатися на цьому курсі?', 'Нова робота', '2025-04-17 20:13:15'),
(10, 'Чому ви захотіли навчатися на цьому курсі?', 'Нові знання', '2025-04-17 20:13:44'),
(11, 'Чому ви захотіли навчатися на цьому курсі?', 'Отримати оффер для роботи дата аналітиком', '2025-04-20 15:33:29'),
(12, 'Чому ви захотіли навчатися на цьому курсі?', 'Перекваліфікуватися', '2025-04-20 15:33:29'),
(13, 'Чому ви захотіли навчатися на цьому курсі?', 'Підвищити кваліфікацію', '2025-04-17 20:08:19'),
(14, 'Чому ви захотіли навчатися на цьому курсі?', 'Підвищити цінність на ринку праці', '2025-04-17 20:13:11'),
(15, 'Чому ви захотіли навчатися на цьому курсі?', 'Покращення своїх знань', '2025-04-17 20:13:44'),
(16, 'Чому ви захотіли навчатися на цьому курсі?', 'Покращити знання в аналітиці', '2025-04-17 20:13:15'),
(17, 'Чому ви захотіли навчатися на цьому курсі?', 'Поліпшення ефективності роботи', '2025-04-17 20:07:37'),
(18, 'Чому ви захотіли навчатися на цьому курсі?', 'Працевлаштування за напрямком аналіз даних', '2025-04-17 20:12:03'),
(19, 'Чому ви захотіли навчатися на цьому курсі?', 'Самому виконувати поставлені задачі щодо аналізу', '2025-04-17 20:08:19'),
(20, 'Чому ви захотіли навчатися на цьому курсі?', 'Самостійність в роботі з автоматизацієї даних', '2025-04-17 20:10:37'),
(21, 'Чому ви захотіли навчатися на цьому курсі?', 'Ціна', '2025-04-17 20:11:12'),
(22, 'Чому ви захотіли навчатися на цьому курсі?', 'Нові навички', '2025-04-20 15:33:29');


-- jobs data
INSERT INTO jobs (id, name) VALUES
(1, 'product owner CRM'),
(2, 'Програміст'),
(3, 'Аналітик'),
(4, 'Бізнес-аналітик'),
(5, 'Тестувальник'),
(6, 'Топ-менеджмент'),
(7, 'Банківський працівник'),
(8, 'Інструктор'),
(9, 'секретар'),
(10, 'координатор'),
(11, 'Студент'),
(12, 'Адмін'),
(13, 'Логіст'),
(14, 'Аніматор'),
(15, 'Вчитель'),
(16, 'Гід'),
(17, 'Домогосподарка'),
(18, 'Пожежний');


-- degree_levels data
INSERT INTO degree_levels (id, name) VALUES
(1, 'магістр'),
(2, 'бакалавр'),
(3, 'середня школа'),
(4, 'спеціаліст');

-- learning_goals data
INSERT INTO learning_goals (id, name) VALUES
(1, 'Power BI'),
(2, 'Створення портфоліо'),
(3, 'Робота з базами даних'),
(4, 'Підготовка та очистка даних'),
(5, 'Аналіз даних'),
(6, 'Python'),
(7, 'SQL'),
(8, 'Програмування'),
(9, 'Візуалізація даних'),
(10, 'Запити до БД'),
(11, 'Теоретичні знання');

-- majors data
INSERT INTO majors (id, name) VALUES
(1, 'Прикладна математика'),
(2, 'Маркетинг'),
(3, 'Економіка підприємства'),
(4, 'Інженер-технолог'),
(5, 'Комп''ютерні науки'),
(6, 'Інженер-еколог'),
(7, 'Фінанси'),
(8, 'Пожежна справа');

-- meta-data
INSERT INTO meta_data (
    student_id, survey_id, response_time, age, city, country, degree_level_id, major_id,
    current_salary, expected_salary, courses_last_year, study_hours_per_day, work_hours_per_day,
    motivation, is_full_time
) VALUES
(1, 1, '2025-04-17 20:07:37', 28, 'Одеса', 'Україна', 1, 1, 5000, 1500, 2, 6, 2, 'Хочу підвищити свою кваліфікацію та цінність на ринку праці', TRUE),
(2, 2, '2025-04-17 20:08:19', 30, 'Brussels', 'Belgium', 2, 2, 5000, 3000, 1, 8, 2, 'Gain new skills, refresh exiting skills', TRUE),
(3, 3, '2025-04-17 20:08:48', 20, 'Братислава', 'Словаччина', 3, 3, 2000, 800, 1, 8, 3, 'ціна, відгуки, наповнення', FALSE),
(4, 4, '2025-04-17 20:10:37', 38, 'Київ', 'Україна', 4, 4, 2000, 1000, 0, 4, 2, 'нові знання, можливості, можливо навіть нова робота', FALSE),
(5, 5, '2025-04-17 20:11:12', 36, 'Аарденбург', 'Нідерланди', 1, 5, 1500, 1200, 2, 8, 3, 'Для покращення своїх знань, для більш детального розуміння ПО для роботи DataAnalyst , отримати оффер для роботи дата аналітиком', TRUE),
(6,6, '2025-04-17 20:12:03', 52, 'Київ', 'Україна', 3, 7, 3000, 2500, 1, 8, 3, 'запити, очистка даних ,приведення до эдиного формату для подальшого завантаження в power BI та налагождення даш бордів іншe', TRUE),
(7, 7, '2025-04-17 20:13:11', 37, 'Дніпро', 'Україна', 1, 7, 8000, 2500, 3, 8, 2, 'Нові знання, актуальні технології, поліпшення ефективності роботи, можливість кар''єрного зростання', TRUE),
(8, 8, '2025-04-17 20:13:11', 35, 'Київ', 'Україна', 4, 8, 4000, 1800, 1, 7, 2, 'Покращити знання в аналітиці, стати більш самостійною в роботі з автоматизацієї даних', TRUE),
(9, 9, '2025-04-17 20:13:15', 35, 'Suceava', 'Romania', 1, 7, 3000, 1500, 2, 6, 3, 'для працевлаштування за напрямком аналіз даних', TRUE),
(10, 10, '2025-04-17 20:13:44', 28, 'Київ', 'Україна', 1, 6, 3000, 2000, 2, 6, 2, 'Перекваліфікуватися, повністю самому виконувати поставлені задачі щодо аналізу', TRUE),
(11, 11, '2025-04-20 15:33:29', 40, 'Черкаси', 'Україна', 1, 8, 2500, 1000, 1, 10, 1, 'Необхідно поглибити навички в спілкуванні з базами даних...', TRUE),
(12, 12, '2025-04-20 15:35:00', 34, 'Львів', 'Україна', 1, 2, 4000, 2000, 2, 7, 3, 'Хочу опанувати нові інструменти аналізу даних', TRUE);


-- student_learning_goals data
INSERT INTO student_learning_goals (student_id, survey_id, goal_id) VALUES
(1, 1, 7),
(1, 1, 6),
(2, 2, 6),
(5, 5, 7),
(8, 8, 6),
(9, 9, 6),
(9, 9, 7),
(9, 9, 1),
(10, 10, 1),
(12, 12, 7),
(12, 12, 6),
(12, 12, 9);

-- student_education data
INSERT INTO student_education (student_id, survey_id, degree_level_id, field) VALUES
(1, 1, 1, 'Прикладна математика'),
(2, 2, 2, 'Marketing'),
(3, 3, 4, 'маркетолог'),
(4, 4, 3, 'Економіка підприємства'),
(5, 5, 1, 'інженер-технолог'),
(6, 6, 1, 'Фінансовий Менеджер'),
(7, 7, 1, 'Комп''ютерні науки'),
(8, 8, 3, 'інженер-еколог'),
(9, 9, 1, 'Фінанси'),
(10, 10, 1, 'Фінансист'),
(11, 11, 1, 'Пожежний'),
(12, 12, 1, 'маркетолог');

-- student_jobs data
INSERT INTO student_jobs (student_id, survey_id, job_id) VALUES
(1, 1, 3),   -- Аналітик
(1, 1, 4),   -- Бізнес-аналітик
(1, 1, 1),   -- Product owner CRM
(2, 2, 12),  -- Логіст
(3, 3, 10),  -- Студент
(4, 4, 2),   -- Програміст
(5, 5, 6),   -- Банківський працівник
(6, 6, 5),   -- Топ-менеджмент
(7, 7, 4),   -- Тестувальник
(7, 7, 16),  -- Домогосподарка
(7, 7, 8),   -- Секретар
(7, 7, 14),  -- Вчитель
(7, 7, 7),   -- Інструктор
(7, 7, 13),  -- Аніматор
(7, 7, 15),  -- Гід
(8, 8, 11),  -- Адмін
(8, 8, 9),   -- Координатор
(8, 8, 3),   -- Аналітик
(9, 9, 6),   -- Банківський працівник
(10, 10, 3), -- Аналітик
(10, 10, 1), -- Product owner CRM
(11, 11, 17),-- Пожежний
(12, 12, 4); -- extra

-- student_skills data 
INSERT INTO student_skills (student_id, survey_id, skill_id) VALUES
(1, 1, 1),   -- Аналітичне мислення
(1, 1, 2),   -- Excel
(1, 1, 3),   -- PowerPoint
(1, 1, 4),   -- Power BI
(1, 1, 5),   -- математична освіта
(1, 1, 6),   -- досвід роботи з БД

(2, 2, 7),   -- Python
(2, 2, 2),   -- Excel

(3, 3, 2),   -- Excel
(3, 3, 1),   -- Аналітичне мислення

(4, 4, 11),  -- фінанси і звітність

(5, 5, 12),  -- SQL
(5, 5, 13),  -- BiqQuery
(5, 5, 7),   -- Python
(5, 5, 6),   -- досвід роботи з БД
(5, 5, 1),   -- аналітичне мислення
(5, 5, 14),  -- Tableau
(5, 5, 15),  -- продуктова аналітика

(6, 6, 5),   -- аналітичне мислення
(6, 6, 16),  -- створення фін моделей
(6, 6, 17),  -- автоматизація процесів

(7, 7, 1),   -- аналітичне мислення
(7, 7, 18),  -- увага до деталей
(7, 7, 19),  -- розуміння мети

(8, 8, 2),   -- Excel
(8, 8, 20),  -- Power BI
(8, 8, 21),  -- знання іноземних мов

(9, 9, 2),   -- Excel
(9, 9, 22),  -- Google Sheets
(9, 9, 12);  -- SQL
